Metric,Value
R2 Score,0.4587273107489246
MAE,3.067781036769963
RMSE,5.256442201597177
